timestamp,selflets 
1424354035049,0
1424354040049,0
1424354045049,0
1424354050128,0
1424354055050,0
1424354060049,0
1424354065050,0
1424354070049,0
1424354075049,0
1424354080049,0
1424354085049,0
1424354090050,0
1424354095049,0
1424354100049,0
1424354105049,0
1424354110049,0
1424354115050,0
1424354120049,0
1424354125049,0
1424354130049,0
1424354135049,0
1424354140049,0
1424354145049,0
1424354150049,0
1424354155049,0
1424354160049,0
1424354165049,0
1424354170049,0
1424354175049,1
1424354180050,3
1424354185049,3
1424354190050,3
1424354195049,3
1424354200049,3
1424354205049,3
1424354210049,3
1424354215049,3
1424354220049,3
1424354225049,3
1424354230049,3
1424354235049,3
1424354240050,3
1424354245049,3
1424354250050,3
1424354255049,3
1424354260049,3
1424354265049,3
1424354270049,3
1424354275049,3
1424354280049,3
1424354285049,3
1424354290049,3
1424354295049,3
1424354300049,3
1424354305049,3
1424354310049,3
1424354315049,3
1424354320049,3
1424354325049,3
1424354330049,3
1424354335051,3
1424354340049,3
1424354345049,3
1424354350049,3
1424354355049,3
1424354360050,3
1424354365049,3
1424354370049,3
1424354375049,3
1424354380049,3
1424354385050,3
1424354390049,3
1424354395049,3
1424354400049,3
1424354405049,3
1424354410049,3
1424354415049,3
1424354420049,3
1424354425049,3
1424354430049,3
1424354435049,3
1424354440049,3
1424354445049,3
1424354450049,3
1424354455049,3
1424354460049,3
1424354465049,3
1424354470049,3
1424354475049,4
1424354480049,4
1424354485049,4
1424354490049,4
1424354495049,5
1424354500049,6
1424354505049,6
1424354510049,6
1424354515049,6
1424354520049,6
1424354525049,6
1424354530049,6
1424354535049,6
1424354540050,6
1424354545049,6
1424354550049,6
1424354555049,6
1424354560049,6
1424354565049,6
1424354570049,6
1424354575049,6
1424354580049,6
1424354585049,6
1424354590049,6
1424354595049,6
1424354600050,6
1424354605049,6
1424354610049,6
1424354615049,6
1424354620049,6
1424354625049,6
1424354630049,6
1424354635049,6
1424354640049,6
1424354645050,6
1424354650049,6
1424354655049,6
1424354660050,6
1424354665049,6
1424354670049,6
1424354675049,6
1424354680049,6
1424354685049,6
1424354690049,6
1424354695050,6
1424354700049,6
1424354705049,6
1424354710050,6
1424354715049,6
1424354720049,6
1424354725049,6
1424354730049,6
1424354735050,6
1424354740049,6
1424354745049,6
1424354750049,6
1424354755049,6
1424354760049,6
1424354765049,6
1424354770049,6
1424354775050,6
1424354780049,6
1424354785049,6
1424354790049,7
1424354795049,7
1424354800049,7
1424354805049,7
1424354810049,7
1424354815049,7
1424354820049,7
1424354825049,7
1424354830049,7
1424354835049,8
1424354840049,8
1424354845049,8
1424354850049,8
1424354855050,8
1424354860049,8
1424354865049,8
1424354870049,8
1424354875049,8
1424354880049,8
1424354885049,8
1424354890049,8
1424354895049,8
1424354900049,8
1424354905049,8
1424354910049,8
1424354915049,8
1424354920049,8
1424354925049,8
1424354930049,8
1424354935050,8
1424354940049,8
1424354945049,8
1424354950049,8
1424354955049,8
1424354960049,8
1424354965049,8
1424354970049,8
1424354975050,8
1424354980049,8
1424354985050,8
1424354990049,8
1424354995050,8
1424355000049,8
1424355005049,8
1424355010049,8
1424355015049,8
1424355020050,8
1424355025049,8
1424355030049,8
1424355035049,8
1424355040049,8
1424355045050,8
1424355050049,8
1424355055049,8
1424355060050,8
1424355065049,8
1424355070049,8
1424355075049,8
1424355080050,8
1424355085049,9
1424355090049,9
1424355095049,9
1424355100050,9
1424355105049,11
1424355110049,11
1424355115049,11
1424355120049,11
1424355125050,11
1424355130049,11
1424355135049,11
1424355140050,11
1424355145049,11
1424355150049,11
1424355155050,11
1424355160049,11
1424355165049,11
1424355170049,11
1424355175050,11
1424355180049,11
1424355185049,11
1424355190050,11
1424355195049,11
1424355200049,11
1424355205049,11
1424355210049,11
1424355215049,11
1424355220049,11
1424355225049,11
1424355230049,11
1424355235049,11
1424355240050,11
1424355245049,11
1424355250049,11
1424355255049,11
1424355260049,11
1424355265050,11
1424355270049,11
1424355275049,11
1424355280049,11
1424355285050,11
1424355290049,11
1424355295049,11
1424355300049,11
1424355305050,11
1424355310049,11
1424355315049,11
1424355320049,11
1424355325049,11
1424355330050,11
1424355335049,11
1424355340049,11
1424355345049,12
1424355350049,12
1424355355049,12
1424355360049,12
1424355365049,12
1424355370050,12
1424355375049,12
1424355380049,12
1424355385049,12
1424355390049,12
1424355395050,12
1424355400049,12
1424355405049,12
1424355410049,12
1424355415049,12
1424355420050,12
1424355425049,12
1424355430049,12
1424355435049,12
1424355440049,12
1424355445049,13
1424355450049,13
1424355455049,13
1424355460049,13
1424355465049,13
1424355470049,13
1424355475049,13
1424355480049,13
1424355485049,13
1424355490049,13
1424355495049,13
1424355500049,13
1424355505049,13
1424355510050,13
1424355515049,13
1424355520050,13
1424355525049,13
1424355530049,13
1424355535049,13
1424355540049,13
1424355545049,13
1424355550049,14
1424355555049,15
1424355560049,15
1424355565049,15
1424355570049,15
1424355575049,15
1424355580049,15
1424355585049,15
1424355590049,15
1424355595049,15
1424355600049,15
1424355605050,15
1424355610049,15
1424355615049,15
1424355620050,15
1424355625049,15
1424355630049,15
1424355635049,15
1424355640049,15
1424355645049,15
1424355650049,15
1424355655049,15
1424355660049,15
1424355665049,15
1424355670049,15
1424355675049,15
1424355680049,15
1424355685050,15
1424355690049,15
1424355695049,15
1424355700049,15
1424355705049,15
1424355710049,15
1424355715050,15
1424355720049,15
1424355725049,15
1424355730049,15
1424355735049,15
1424355740049,15
1424355745049,15
1424355750049,15
1424355755050,15
1424355760049,15
1424355765049,15
1424355770049,15
1424355775049,15
1424355780050,15
1424355785049,15
1424355790050,15
1424355795049,15
1424355800049,15
1424355805049,15
1424355810049,15
1424355815049,15
1424355820049,15
1424355825049,15
1424355830049,15
1424355835049,15
1424355840050,15
1424355845049,15
1424355850049,15
1424355855049,15
1424355860049,15
1424355865049,15
1424355870049,15
1424355875049,15
1424355880049,15
1424355885049,15
1424355890050,15
1424355895049,15
1424355900049,15
1424355905050,15
1424355910049,16
1424355915049,17
1424355920049,18
1424355925050,18
1424355930050,18
1424355935049,18
1424355940049,18
1424355945050,18
1424355950049,18
1424355955049,18
1424355960049,18
1424355965050,18
1424355970049,18
1424355975049,18
1424355980049,18
1424355985049,18
1424355990049,18
1424355995049,18
1424356000049,18
1424356005049,18
1424356010049,18
1424356015049,18
1424356020049,18
1424356025049,18
1424356030049,18
1424356035050,18
1424356040049,18
1424356045049,18
1424356050050,18
1424356055049,18
1424356060049,18
1424356065050,18
1424356070049,18
1424356075049,18
1424356080049,18
1424356085049,18
1424356090049,18
1424356095049,18
1424356100049,18
1424356105049,18
1424356110049,18
1424356115049,18
1424356120049,18
1424356125049,18
1424356130049,18
1424356135049,18
1424356140049,18
1424356145049,18
1424356150050,18
1424356155049,18
1424356160049,18
1424356165049,18
1424356170049,18
1424356175049,18
1424356180049,18
1424356185050,18
1424356190049,18
1424356195049,18
1424356200049,18
1424356205049,18
1424356210050,18
1424356215049,18
1424356220049,18
1424356225049,18
1424356230049,18
1424356235049,18
1424356240049,19
1424356245050,20
1424356250049,20
1424356255049,21
1424356260049,21
1424356265049,21
1424356270049,21
1424356275050,21
1424356280049,21
1424356285049,21
1424356290049,21
1424356295049,21
1424356300049,21
1424356305049,21
1424356310049,21
1424356315049,21
1424356320049,21
1424356325050,21
1424356330050,21
1424356335049,21
1424356340049,21
1424356345049,21
1424356350049,21
1424356355049,21
1424356360049,21
1424356365049,21
1424356370049,21
1424356375049,21
1424356380049,21
1424356385049,21
1424356390049,21
1424356395049,21
1424356400049,21
1424356405049,21
1424356410049,21
1424356415049,21
1424356420049,21
1424356425049,21
1424356430049,21
1424356435050,21
1424356440050,21
1424356445049,21
1424356450049,21
1424356455049,21
1424356460049,21
1424356465049,21
1424356470049,21
1424356475049,21
1424356480049,21
1424356485049,21
1424356490049,21
1424356495049,21
1424356500049,21
1424356505049,21
1424356510049,21
1424356515049,21
1424356520049,21
1424356525049,21
1424356530049,21
1424356535049,21
1424356540050,21
1424356545049,21
1424356550049,21
1424356555049,21
1424356560050,21
1424356565049,21
1424356570049,21
1424356575049,21
1424356580049,21
1424356585050,21
1424356590050,21
1424356595049,21
1424356600049,21
1424356605049,21
1424356610049,21
1424356615049,21
1424356620049,22
1424356625049,22
1424356630049,22
1424356635049,22
1424356640049,22
1424356645049,22
1424356650049,22
1424356655049,23
1424356660049,23
1424356665049,23
1424356670049,23
1424356675049,23
1424356680049,23
1424356685049,23
1424356690050,23
1424356695049,23
1424356700049,23
1424356705050,23
1424356710050,23
1424356715049,23
1424356720049,23
1424356725049,23
1424356730050,23
1424356735049,23
1424356740049,23
1424356745050,23
1424356750049,23
1424356755049,23
1424356760049,23
1424356765050,23
1424356770049,23
1424356775049,23
1424356780049,23
1424356785050,24
1424356790049,24
1424356795049,24
1424356800049,24
1424356805050,24
1424356810049,24
1424356815049,24
1424356820049,24
1424356825049,24
1424356830049,24
1424356835049,24
1424356840049,24
1424356845049,24
1424356850050,24
1424356855049,24
1424356860049,24
1424356865050,24
1424356870049,24
1424356875049,24
1424356880049,23
1424356885049,23
1424356890050,23
1424356895050,23
1424356900049,23
1424356905049,23
1424356910049,23
1424356915049,23
1424356920049,23
1424356925049,23
1424356930049,23
1424356935049,23
1424356940049,23
1424356945049,24
1424356950050,24
1424356955049,24
1424356960049,24
1424356965049,24
1424356970049,24
1424356975049,24
1424356980049,24
1424356985049,24
1424356990050,24
1424356995049,24
1424357000049,24
1424357005049,24
1424357010049,24
1424357015050,24
1424357020049,24
1424357025049,24
1424357030049,25
1424357035050,25
1424357040049,25
1424357045049,25
1424357050049,25
1424357055049,25
1424357060049,25
1424357065049,25
1424357070049,25
1424357075049,25
1424357080050,25
1424357085049,25
1424357090050,25
1424357095049,25
1424357100049,25
1424357105049,25
1424357110050,25
1424357115049,25
1424357120049,25
1424357125049,25
1424357130049,26
1424357135049,26
1424357140049,26
1424357145049,26
1424357150050,26
1424357155049,26
1424357160049,26
1424357165049,26
1424357170049,26
1424357175049,26
1424357180049,26
1424357185049,26
1424357190049,26
1424357195049,26
1424357200049,26
1424357205049,26
1424357210049,26
1424357215049,26
1424357220049,26
1424357225049,26
1424357230049,26
1424357235049,26
1424357240049,26
1424357245049,27
1424357250049,27
1424357255049,27
1424357260049,28
1424357265049,28
1424357270049,29
1424357275049,29
1424357280049,29
1424357285049,29
1424357290050,29
1424357295049,29
1424357300049,29
1424357305049,29
1424357310050,29
1424357315049,29
1424357320049,29
1424357325050,29
1424357330049,29
1424357335049,29
1424357340049,29
1424357345049,29
1424357350049,29
1424357355049,29
1424357360049,29
1424357365049,29
1424357370049,29
1424357375050,29
1424357380049,29
1424357385049,29
1424357390049,29
1424357395049,29
1424357400049,29
1424357405050,29
1424357410049,29
1424357415049,29
1424357420050,29
1424357425049,29
1424357430049,29
1424357435049,29
1424357440049,29
1424357445049,29
1424357450050,29
1424357455049,29
1424357460049,29
1424357465049,29
1424357470049,29
1424357475049,29
1424357480049,29
1424357485050,29
1424357490049,29
1424357495049,29
1424357500049,29
1424357505049,29
1424357510049,29
1424357515049,29
1424357520049,29
1424357525049,29
1424357530049,29
1424357535049,29
1424357540049,29
1424357545050,29
1424357550049,29
1424357555049,29
1424357560049,30
1424357565049,30
1424357570049,30
1424357575049,30
1424357580050,30
1424357585049,29
1424357590050,29
1424357595049,29
1424357600050,29
1424357605049,29
1424357610049,28
1424357615049,28
1424357620049,27
1424357625050,27
1424357630049,27
1424357635049,27
1424357640049,27
1424357645050,27
1424357650049,27
1424357655049,27
1424357660049,27
1424357665050,27
1424357670049,27
1424357675049,27
1424357680049,27
1424357685049,27
1424357690049,27
1424357695049,27
1424357700050,27
1424357705049,27
1424357710049,27
1424357715049,27
1424357720049,28
1424357725049,28
1424357730049,28
1424357735049,28
1424357740049,28
1424357745049,28
1424357750049,28
1424357755052,28
1424357760049,28
1424357765050,28
1424357770049,28
1424357775049,28
1424357780049,28
1424357785049,28
1424357790049,28
1424357795049,28
1424357800050,28
1424357805049,28
1424357810049,28
1424357815049,28
1424357820049,28
1424357825049,28
1424357830050,28
1424357835049,28
1424357840049,28
1424357845049,28
1424357850049,28
1424357855049,28
1424357860050,28
1424357865049,28
1424357870049,28
1424357875049,28
1424357880049,28
1424357885049,28
1424357890049,28
1424357895049,28
1424357900050,28
1424357905050,27
1424357910049,27
1424357915049,27
1424357920049,27
1424357925049,26
1424357930049,26
1424357935049,26
1424357940049,26
1424357945050,26
1424357950049,26
1424357955049,26
1424357960049,26
1424357965049,26
1424357970049,26
1424357975049,27
1424357980049,27
1424357985049,27
1424357990049,27
1424357995049,27
1424358000049,27
1424358005049,27
1424358010050,28
1424358015049,28
1424358020049,28
1424358025049,28
1424358030049,28
1424358035049,28
1424358040050,28
1424358045049,28
1424358050049,28
1424358055049,28
1424358060049,28
1424358065049,28
1424358070050,28
1424358075049,28
1424358080049,28
1424358085049,28
1424358090049,28
1424358095049,28
1424358100049,28
1424358105049,28
1424358110050,28
1424358115049,28
1424358120049,28
1424358125050,28
1424358130049,28
1424358135049,28
1424358140049,28
1424358145049,28
1424358150049,28
1424358155050,28
1424358160049,28
1424358165050,28
1424358170049,28
1424358175049,28
1424358180049,28
1424358185049,28
1424358190049,28
1424358195049,28
1424358200049,28
1424358205049,29
1424358210049,29
1424358215050,29
1424358220049,29
1424358225050,29
1424358230050,29
1424358235049,29
1424358240049,29
1424358245050,29
1424358250050,29
1424358255049,29
1424358260049,29
1424358265050,30
1424358270049,30
1424358275049,30
1424358280049,31
1424358285049,31
1424358290049,31
1424358295049,31
1424358300049,31
1424358305049,31
1424358310049,31
1424358315049,31
1424358320049,31
1424358325049,31
1424358330049,31
1424358335049,31
1424358340050,31
1424358345049,31
1424358350049,31
1424358355049,30
1424358360049,30
1424358365049,30
1424358370050,30
1424358375049,30
1424358380049,30
1424358385049,30
1424358390049,30
1424358395049,30
1424358400049,30
1424358405049,30
1424358410050,30
1424358415049,30
1424358420049,30
1424358425049,30
1424358430049,30
1424358435050,30
1424358440049,30
1424358445049,30
1424358450049,30
1424358455049,30
1424358460050,30
1424358465049,30
1424358470049,30
1424358475049,30
1424358480049,30
1424358485050,30
1424358490049,30
1424358495049,30
1424358500049,30
1424358505049,30
1424358510049,30
1424358515049,29
1424358520049,29
1424358525049,29
1424358530049,29
1424358535049,29
1424358540049,30
1424358545049,30
1424358550049,29
1424358555050,29
1424358560049,29
1424358565049,29
1424358570049,29
1424358575049,29
1424358580049,30
1424358585049,30
1424358590049,30
1424358595049,30
1424358600049,30
1424358605049,30
1424358610049,29
1424358615049,28
1424358620050,28
1424358625049,28
1424358630049,28
1424358635049,28
1424358640049,29
1424358645049,29
1424358650050,29
1424358655049,29
1424358660049,29
1424358665049,29
1424358670049,29
1424358675049,29
1424358680049,29
1424358685049,29
1424358690049,29
1424358695049,29
1424358700049,29
1424358705049,29
1424358710049,29
1424358715050,29
1424358720049,29
1424358725049,29
1424358730050,29
1424358735049,29
1424358740050,29
1424358745049,29
1424358750049,29
1424358755049,29
1424358760049,29
1424358765050,29
1424358770049,29
1424358775049,29
1424358780049,29
1424358785049,29
1424358790049,29
1424358795049,29
1424358800049,29
1424358805050,29
1424358810049,29
1424358815049,29
1424358820050,29
1424358825049,29
1424358830050,29
1424358835049,29
1424358840049,29
1424358845049,29
1424358850049,29
1424358855049,29
1424358860050,29
1424358865049,29
1424358870049,29
1424358875049,29
1424358880049,29
1424358885050,29
1424358890049,29
1424358895049,29
1424358900050,29
1424358905049,30
1424358910049,30
1424358915049,30
1424358920049,30
1424358925049,30
1424358930049,30
1424358935049,30
1424358940049,30
1424358945049,30
1424358950050,30
1424358955049,31
1424358960049,32
1424358965049,32
1424358970049,32
1424358975049,32
1424358980049,32
1424358985049,32
1424358990049,32
1424358995049,32
1424359000049,32
1424359005050,32
1424359010049,32
1424359015049,31
1424359020049,31
1424359025049,31
1424359030049,30
1424359035049,30
1424359040049,30
1424359045049,30
1424359050049,30
1424359055049,30
1424359060049,30
1424359065049,30
1424359070049,30
1424359075049,30
1424359080050,30
1424359085049,30
1424359090049,30
1424359095049,30
1424359100049,30
1424359105049,30
1424359110049,30
1424359115049,30
1424359120049,30
1424359125049,29
1424359130050,29
1424359135049,29
1424359140049,29
1424359145049,29
1424359150049,29
1424359155049,29
1424359160049,29
1424359165049,29
1424359170049,29
1424359175050,29
1424359180049,29
1424359185049,29
1424359190050,29
1424359195049,29
1424359200049,29
1424359205049,29
1424359210049,29
1424359215049,29
1424359220049,29
1424359225049,29
1424359230049,29
1424359235049,29
1424359240050,29
1424359245049,29
1424359250049,29
1424359255049,29
1424359260049,29
1424359265049,29
1424359270049,29
1424359275049,29
1424359280050,29
1424359285049,29
1424359290049,29
1424359295049,29
1424359300049,29
1424359305049,29
1424359310049,29
1424359315049,31
1424359320049,31
1424359325050,31
1424359330049,31
1424359335049,31
1424359340050,31
1424359345049,31
1424359350049,31
1424359355049,31
1424359360049,31
1424359365049,31
1424359370050,31
1424359375049,31
1424359380049,31
1424359385050,31
1424359390049,31
1424359395049,31
1424359400049,31
1424359405049,31
1424359410049,31
1424359415049,31
1424359420049,31
1424359425049,31
1424359430049,31
1424359435049,31
1424359440049,31
1424359445049,31
1424359450049,31
1424359455049,31
1424359460049,31
1424359465049,31
1424359470049,31
1424359475049,31
1424359480049,31
1424359485049,31
1424359490049,31
1424359495049,31
1424359500050,31
1424359505049,31
1424359510049,31
1424359515049,30
1424359520049,30
1424359525049,30
1424359530049,30
1424359535049,30
1424359540049,30
1424359545049,30
1424359550050,30
1424359555049,30
1424359560049,30
1424359565049,30
1424359570049,30
1424359575049,30
1424359580049,30
1424359585049,31
1424359590049,31
1424359595049,31
1424359600049,31
1424359605049,31
1424359610049,31
1424359615049,31
1424359620049,31
1424359625049,31
1424359630049,31
1424359635049,31
1424359640049,31
1424359645049,31
1424359650049,31
1424359655049,31
1424359660049,31
1424359665050,30
1424359670049,30
1424359675050,30
1424359680050,30
1424359685049,30
1424359690050,30
1424359695049,30
1424359700049,30
1424359705050,31
1424359710049,31
1424359715049,31
1424359720049,31
1424359725049,31
1424359730049,31
1424359735050,31
1424359740049,32
1424359745050,32
1424359750049,32
1424359755049,32
1424359760049,32
1424359765050,32
1424359770049,32
1424359775049,32
1424359780049,32
1424359785050,32
1424359790049,32
1424359795049,32
1424359800050,32
1424359805049,32
1424359810049,32
1424359815049,32
1424359820049,32
1424359825049,32
1424359830049,32
1424359835049,32
1424359840049,32
1424359845049,32
1424359850049,32
1424359855049,32
1424359860049,32
1424359865049,32
1424359870049,32
1424359875050,32
1424359880049,32
1424359885049,32
1424359890049,32
1424359895049,32
1424359900049,32
1424359905049,32
1424359910049,32
1424359915049,32
1424359920049,32
1424359925050,32
1424359930049,32
1424359935049,32
1424359940049,32
1424359945049,32
1424359950049,31
1424359955049,30
1424359960049,30
1424359965049,29
1424359970049,29
1424359975049,29
1424359980049,29
1424359985049,29
1424359990049,29
1424359995050,29
1424360000049,29
1424360005049,29
1424360010049,29
1424360015049,30
1424360020050,30
1424360025049,30
1424360030050,30
1424360035049,30
1424360040049,29
1424360045049,29
1424360050049,29
1424360055049,30
1424360060049,30
1424360065049,30
1424360070049,30
1424360075050,30
1424360080049,30
1424360085049,30
1424360090050,30
1424360095049,30
1424360100049,30
1424360105049,30
1424360110049,30
1424360115049,30
1424360120049,30
1424360125049,30
1424360130049,30
1424360135049,29
1424360140049,29
1424360145049,29
1424360150049,29
1424360155049,29
1424360160049,29
1424360165049,29
1424360170049,29
1424360175049,29
1424360180049,29
1424360185049,29
1424360190049,29
1424360195050,29
1424360200049,29
1424360205049,29
1424360210049,29
1424360215049,29
1424360220050,29
1424360225049,29
1424360230049,29
1424360235049,29
1424360240050,29
1424360245049,29
1424360250049,29
1424360255049,29
1424360260049,29
1424360265050,29
1424360270049,29
1424360275049,29
1424360280049,29
1424360285049,30
1424360290049,30
1424360295049,30
1424360300049,30
1424360305049,30
1424360310049,30
1424360315050,31
1424360320050,31
1424360325049,32
1424360330049,32
1424360335049,32
1424360340049,33
1424360345049,33
1424360350049,33
1424360355049,33
1424360360049,33
1424360365049,33
1424360370049,33
1424360375049,33
1424360380050,33
1424360385049,33
1424360390049,33
1424360395049,33
1424360400049,33
1424360405050,33
1424360410049,33
1424360415049,33
1424360420049,33
1424360425049,33
1424360430049,33
1424360435049,33
1424360440049,32
1424360445049,32
1424360450050,31
1424360455049,31
1424360460049,31
1424360465049,31
1424360470049,31
1424360475049,31
1424360480049,31
1424360485049,31
1424360490049,31
1424360495049,31
1424360500049,31
1424360505050,31
1424360510049,30
1424360515049,30
1424360520049,30
1424360525050,30
1424360530049,30
1424360535049,30
1424360540049,30
1424360545049,30
1424360550049,30
1424360555049,30
1424360560049,30
1424360565049,30
1424360570050,30
1424360575049,30
1424360580049,30
1424360585049,30
1424360590049,30
1424360595049,30
1424360600049,30
1424360605049,30
1424360610049,30
1424360615053,30
1424360620050,29
1424360625049,29
1424360630049,29
1424360635049,29
1424360640049,29
1424360645049,29
1424360650049,29
1424360655050,29
1424360660049,29
1424360665049,29
1424360670050,29
1424360675049,29
1424360680049,29
1424360685049,29
1424360690049,29
1424360695049,29
1424360700049,29
1424360705050,29
1424360710049,29
1424360715049,29
1424360720049,29
1424360725049,29
1424360730050,29
1424360735049,29
1424360740049,29
1424360745050,29
1424360750049,29
1424360755054,29
1424360760050,29
1424360765049,29
1424360770049,30
1424360775049,30
1424360780050,30
1424360785050,30
1424360790049,30
1424360795049,30
1424360800050,30
1424360805049,30
1424360810049,31
1424360815049,31
1424360820049,31
1424360825049,32
1424360830050,32
1424360835049,32
1424360840049,32
1424360845050,32
1424360850050,32
1424360855049,32
1424360860049,32
1424360865049,32
1424360870049,32
1424360875049,32
1424360880049,32
1424360885049,32
1424360890049,32
1424360895050,32
1424360900049,32
1424360905049,32
1424360910049,32
1424360915049,32
1424360920050,32
1424360925050,32
1424360930049,32
1424360935049,32
1424360940049,32
1424360945049,32
1424360950049,32
1424360955050,32
1424360960049,32
1424360965050,32
1424360970050,32
1424360975049,32
1424360980049,32
1424360985049,32
1424360990049,32
1424360995049,32
1424361000049,32
1424361005050,32
1424361010049,32
1424361015049,32
1424361020049,32
1424361025049,32
1424361030049,32
1424361035049,32
1424361040049,32
1424361045049,32
1424361050049,32
1424361055049,32
1424361060049,32
1424361065049,31
1424361070049,31
1424361075049,31
1424361080049,31
1424361085049,31
1424361090049,31
1424361095049,31
1424361100050,31
1424361105050,30
1424361110049,30
1424361115049,31
1424361120049,30
1424361125050,30
1424361130049,31
1424361135050,31
1424361140049,31
1424361145050,32
1424361150050,32
1424361155050,32
1424361160049,32
1424361165049,32
1424361170049,32
1424361175049,32
1424361180050,32
1424361185049,32
1424361190049,32
1424361195049,32
1424361200049,32
1424361205049,31
1424361210049,31
1424361215049,31
1424361220049,31
1424361225049,31
1424361230049,31
1424361235049,31
1424361240049,31
1424361245049,31
1424361250049,31
1424361255049,31
1424361260049,31
1424361265049,31
1424361270049,31
1424361275049,31
1424361280049,31
1424361285049,31
1424361290049,31
1424361295050,31
1424361300049,30
1424361305049,30
1424361310049,30
1424361315049,30
1424361320049,30
1424361325049,30
1424361330050,30
1424361335049,29
1424361340049,29
1424361345050,29
1424361350049,29
1424361355049,29
1424361360049,29
1424361365049,29
1424361370049,29
1424361375049,29
1424361380049,29
1424361385050,29
1424361390049,29
1424361395049,29
1424361400049,28
1424361405049,27
1424361410049,27
1424361415049,27
1424361420049,27
1424361425049,27
1424361430049,28
1424361435049,29
1424361440049,29
1424361445049,29
1424361450049,29
1424361455049,29
1424361460050,29
1424361465049,29
1424361470049,29
1424361475050,29
1424361480049,29
1424361485049,29
1424361490049,29
1424361495050,30
1424361500049,30
1424361505049,30
1424361510050,30
1424361515049,30
1424361520049,30
1424361525049,30
1424361530049,30
1424361535049,30
1424361540049,30
1424361545049,30
1424361550049,30
1424361555049,30
1424361560049,30
1424361565049,30
1424361570049,30
1424361575049,30
1424361580050,30
1424361585050,30
1424361590049,30
1424361595049,30
1424361600049,30
1424361605050,30
1424361610049,30
1424361615049,30
1424361620049,30
1424361625049,30
1424361630049,30
1424361635049,30
1424361640049,30
1424361645049,30
1424361650049,30
1424361655049,30
1424361660049,30
1424361665050,30
1424361670049,30
1424361675049,30
1424361680049,30
1424361685049,30
1424361690049,30
1424361695049,30
1424361700049,30
1424361705049,30
1424361710049,30
1424361715049,30
1424361720049,30
1424361725050,30
1424361730049,30
1424361735049,30
1424361740049,31
1424361745049,32
1424361750049,33
1424361755049,33
1424361760050,33
1424361765049,33
1424361770049,33
1424361775050,33
1424361780049,33
1424361785049,33
1424361790049,33
1424361795049,33
1424361800049,33
1424361805049,33
1424361810049,33
1424361815049,33
1424361820049,33
1424361825049,33
1424361830050,33
1424361835049,33
1424361840049,33
1424361845050,33
1424361850049,33
1424361855049,33
1424361860049,33
1424361865050,33
1424361870049,33
1424361875049,33
1424361880050,33
1424361885049,33
1424361890049,33
1424361895049,33
1424361900049,33
1424361905049,33
1424361910049,33
1424361915049,33
1424361920050,33
1424361925053,33
1424361930049,33
1424361935049,33
1424361940049,33
1424361945049,33
1424361950049,33
1424361955049,33
1424361960049,33
1424361965049,33
1424361970049,33
1424361975049,33
1424361980050,33
1424361985049,33
1424361990049,33
1424361995049,33
1424362000049,33
1424362005049,33
1424362010049,33
1424362015049,33
1424362020049,33
1424362025049,33
1424362030049,33
1424362035049,33
1424362040049,34
1424362045049,35
1424362050049,35
1424362055049,35
1424362060049,35
1424362065050,35
1424362070049,35
1424362075049,35
1424362080049,35
1424362085049,35
1424362090049,35
1424362095049,35
1424362100049,35
1424362105050,36
1424362110049,36
1424362115049,36
1424362120050,36
1424362125049,36
1424362130049,36
1424362135049,36
1424362140049,36
1424362145049,36
1424362150049,36
1424362155049,36
1424362160049,36
1424362165049,36
1424362170049,36
1424362175049,36
1424362180049,36
1424362185049,36
1424362190049,36
1424362195049,36
1424362200049,36
1424362205049,36
1424362210050,36
1424362215049,36
1424362220049,36
1424362225050,36
1424362230050,36
1424362235049,36
1424362240049,36
1424362245049,36
1424362250050,36
1424362255049,36
1424362260049,36
1424362265049,36
1424362270049,36
1424362275049,36
1424362280049,36
1424362285049,36
1424362290049,36
1424362295049,36
1424362300049,36
1424362305050,36
1424362310049,36
1424362315049,36
1424362320049,36
1424362325049,36
1424362330049,36
1424362335050,36
1424362340049,36
1424362345049,37
1424362350050,39
1424362355050,39
1424362360049,39
1424362365049,39
1424362370050,39
1424362375049,39
1424362380049,39
1424362385050,39
1424362390049,39
1424362395049,39
1424362400049,39
1424362405049,39
1424362410049,39
1424362415049,39
1424362420049,39
1424362425050,39
1424362430049,39
1424362435049,39
1424362440049,39
1424362445049,39
1424362450049,39
1424362455049,39
1424362460049,39
1424362465049,39
1424362470049,39
1424362475049,39
1424362480049,39
1424362485049,39
1424362490049,39
1424362495049,39
1424362500049,39
1424362505049,39
1424362510049,39
1424362515049,39
1424362520050,39
1424362525049,39
1424362530049,39
1424362535053,39
1424362540049,39
1424362545050,39
1424362550049,39
1424362555050,39
1424362560049,39
1424362565049,39
1424362570049,39
1424362575050,39
1424362580049,39
1424362585049,39
1424362590049,39
1424362595049,39
1424362600050,39
1424362605049,39
1424362610049,39
1424362615049,39
1424362620049,39
1424362625050,39
1424362630049,39
1424362635049,39
1424362640050,39
1424362645049,40
1424362650049,41
1424362655050,41
1424362660049,41
1424362665050,41
1424362670049,42
1424362675050,42
1424362680049,42
1424362685050,42
1424362690049,42
1424362695049,42
1424362700049,42
1424362705049,42
1424362710049,42
1424362715049,42
1424362720049,42
1424362725049,42
1424362730050,42
1424362735049,42
1424362740049,42
1424362745049,42
1424362750049,42
1424362755050,42
1424362760049,42
1424362765049,42
1424362770049,42
1424362775050,42
1424362780049,42
1424362785049,42
1424362790054,42
1424362795049,42
1424362800049,42
1424362805049,42
1424362810049,42
1424362815049,42
1424362820050,42
1424362825049,42
1424362830049,42
1424362835049,42
1424362840049,42
1424362845050,42
1424362850049,42
1424362855049,42
1424362860049,42
1424362865049,42
1424362870049,42
1424362875049,42
1424362880049,42
1424362885049,42
1424362890049,42
1424362895050,42
1424362900049,42
1424362905049,42
1424362910049,42
1424362915050,42
1424362920049,42
1424362925049,42
1424362930049,42
1424362935050,42
1424362940049,42
1424362945049,43
1424362950049,43
1424362955049,44
1424362960049,45
1424362965049,45
1424362970049,45
1424362975049,45
1424362980049,45
1424362985049,45
1424362990049,45
1424362995049,45
1424363000050,45
1424363005049,45
1424363010049,44
1424363015049,44
1424363020049,44
1424363025050,44
1424363030049,44
1424363035049,44
1424363040049,44
1424363045049,44
1424363050049,44
1424363055049,44
1424363060049,44
1424363065049,44
1424363070049,44
1424363075049,44
1424363080049,44
1424363085049,44
1424363090049,44
1424363095050,44
1424363100049,44
1424363105049,44
1424363110049,44
1424363115049,44
1424363120049,44
1424363125049,43
1424363130049,43
1424363135050,43
1424363140049,43
1424363145049,43
1424363150049,43
1424363155049,43
1424363160049,43
1424363165049,43
1424363170049,43
1424363175049,43
1424363180054,43
1424363185049,43
1424363190049,43
1424363195049,43
1424363200049,43
1424363205050,43
1424363210049,43
1424363215049,43
1424363220050,43
1424363225049,43
1424363230049,43
1424363235049,43
1424363240049,43
1424363245049,43
1424363250049,45
1424363255049,46
1424363260049,46
1424363265049,46
1424363270049,46
1424363275049,46
1424363280049,46
1424363285049,46
1424363290049,46
1424363295049,46
1424363300049,46
1424363305049,46
1424363310049,46
1424363315049,46
1424363320049,46
1424363325049,46
1424363330049,46
1424363335054,46
1424363340050,46
1424363345049,46
1424363350049,46
1424363355049,46
1424363360050,46
1424363365049,46
1424363370049,46
1424363375049,46
1424363380050,46
1424363385049,46
1424363390049,46
1424363395050,46
1424363400050,46
1424363405049,46
1424363410049,46
1424363415049,46
1424363420050,46
1424363425049,46
1424363430049,46
1424363435049,46
1424363440050,46
1424363445049,46
1424363450049,46
1424363455049,46
1424363460049,46
1424363465049,46
1424363470049,46
1424363475050,46
1424363480049,46
1424363485049,46
1424363490049,46
1424363495049,46
1424363500049,46
1424363505049,46
1424363510049,46
1424363515049,46
1424363520049,46
1424363525049,46
1424363530049,46
1424363535049,46
1424363540049,46
1424363545049,46
1424363550049,46
1424363555049,47
1424363560049,48
1424363565049,49
1424363570049,49
1424363575050,49
1424363580049,49
1424363585049,49
1424363590049,49
1424363595049,49
1424363600049,49
1424363605050,49
1424363610049,49
1424363615049,49
1424363620049,49
1424363625050,49
1424363630049,49
1424363635050,49
1424363640050,49
1424363645049,49
1424363650049,49
1424363655049,49
1424363660049,49
1424363665049,49
1424363670049,49
1424363675049,49
1424363680049,49
1424363685049,49
1424363690049,49
1424363695050,49
1424363700050,49
1424363705049,49
1424363710049,49
1424363715049,49
1424363720049,49
1424363725049,49
1424363730049,49
1424363735049,49
1424363740049,49
1424363745049,49
1424363750049,49
1424363755049,49
1424363760049,49
1424363765050,49
1424363770049,49
1424363775049,49
1424363780049,49
1424363785049,49
1424363790049,49
1424363795049,49
1424363800049,49
1424363805050,49
1424363810049,49
1424363815049,49
1424363820049,49
1424363825050,49
1424363830049,49
1424363835049,49
1424363840050,49
1424363845049,49
1424363850049,49
1424363855049,49
1424363860049,49
1424363865049,49
1424363870049,50
1424363875049,50
1424363880049,51
1424363885049,52
1424363890049,52
1424363895050,52
1424363900049,52
1424363905049,52
1424363910050,52
1424363915049,52
1424363920049,52
1424363925049,52
1424363930049,52
1424363935050,52
1424363940049,52
1424363945050,52
1424363950049,52
1424363955049,52
1424363960049,52
1424363965049,52
1424363970049,52
1424363975049,52
1424363980050,52
1424363985049,52
1424363990049,52
1424363995050,52
1424364000049,52
1424364005050,52
1424364010049,52
1424364015049,52
1424364020049,52
1424364025049,52
1424364030049,52
1424364035049,52
1424364040049,52
1424364045049,52
1424364050049,52
1424364055049,52
1424364060049,52
1424364065049,52
1424364070050,52
1424364075049,52
1424364080049,52
1424364085049,52
1424364090049,52
1424364095049,52
1424364100049,52
1424364105049,52
1424364110050,52
1424364115049,52
1424364120049,52
1424364125049,52
1424364130049,51
1424364135049,51
1424364140049,51
1424364145049,51
1424364150049,51
1424364155049,51
1424364160050,51
1424364165049,51
1424364170050,51
1424364175049,51
1424364180049,52
1424364185050,52
1424364190049,52
1424364195050,52
1424364200049,53
1424364205049,54
1424364210049,54
1424364215049,54
1424364220049,54
1424364225049,54
1424364230050,54
1424364235049,54
1424364240050,54
1424364245049,54
1424364250049,54
1424364255049,54
1424364260050,54
1424364265049,54
1424364270050,54
1424364275049,54
1424364280049,54
1424364285049,54
1424364290049,54
1424364295050,54
1424364300049,54
1424364305049,54
1424364310049,54
1424364315049,54
1424364320049,54
1424364325049,54
1424364330049,54
1424364335049,54
1424364340049,54
1424364345050,54
1424364350049,54
1424364355049,54
1424364360049,54
1424364365049,54
1424364370049,54
1424364375049,54
1424364380049,54
1424364385049,54
1424364390049,54
1424364395050,54
1424364400049,54
1424364405049,54
1424364410049,54
1424364415049,54
1424364420049,54
1424364425049,54
1424364430049,54
1424364435050,54
1424364440049,54
1424364445049,54
1424364450049,53
1424364455049,53
1424364460049,53
1424364465049,53
1424364470049,53
1424364475050,53
1424364480049,53
1424364485049,53
1424364490049,53
1424364495049,52
1424364500049,52
1424364505049,52
1424364510050,52
1424364515049,51
1424364520049,51
1424364525049,52
1424364530049,52
1424364535049,52
1424364540049,52
1424364545049,52
1424364550049,53
1424364555049,53
1424364560049,53
1424364565049,53
1424364570049,53
1424364575049,53
1424364580049,53
1424364585049,54
1424364590050,54
1424364595049,54
1424364600049,53
1424364605049,53
1424364610049,53
1424364615049,53
1424364620049,53
1424364625049,53
1424364630049,53
1424364635050,53
1424364640049,53
1424364645049,53
1424364650050,53
1424364655050,52
1424364660049,52
1424364665049,51
1424364670049,51
1424364675050,51
1424364680049,51
1424364685049,51
1424364690049,50
1424364695050,50
1424364700049,50
1424364705049,50
1424364710049,50
1424364715049,50
1424364720049,50
1424364725049,50
1424364730049,50
1424364735050,50
1424364740049,50
1424364745049,50
1424364750049,50
1424364755049,50
1424364760049,50
1424364765049,50
1424364770049,50
1424364775049,50
1424364780049,50
1424364785049,50
1424364790049,50
1424364795049,50
1424364800050,50
1424364805049,49
1424364810049,49
1424364815049,49
1424364820050,49
1424364825049,49
1424364830049,49
1424364835049,49
1424364840049,49
1424364845049,49
1424364850049,49
1424364855049,50
1424364860050,51
1424364865049,51
1424364870049,51
1424364875049,52
1424364880049,52
1424364885049,52
1424364890049,52
1424364895049,52
1424364900049,52
1424364905049,52
1424364910049,52
1424364915049,52
1424364920049,52
1424364925049,52
1424364930049,52
1424364935050,52
1424364940050,52
1424364945049,52
1424364950049,52
1424364955049,52
1424364960050,52
1424364965049,52
1424364970049,52
1424364975049,52
1424364980050,51
1424364985049,51
1424364990049,50
1424364995049,50
1424365000049,50
1424365005049,50
1424365010049,50
1424365015050,50
1424365020049,50
1424365025049,50
1424365030050,50
1424365035049,50
1424365040049,50
1424365045050,50
1424365050050,50
1424365055049,50
1424365060049,50
1424365065050,50
1424365070049,50
1424365075049,50
1424365080049,50
1424365085050,50
1424365090049,50
1424365095049,50
1424365100049,50
1424365105050,50
1424365110049,50
1424365115049,50
1424365120049,50
1424365125049,50
1424365130050,50
1424365135049,50
1424365140049,50
1424365145049,50
1424365150049,50
1424365155049,50
1424365160050,50
1424365165049,51
1424365170049,51
1424365175049,51
1424365180050,51
1424365185049,53
1424365190049,53
1424365195050,53
1424365200050,53
1424365205049,53
1424365210049,53
1424365215049,53
1424365220049,53
1424365225049,53
1424365230049,53
1424365235049,53
1424365240049,53
1424365245049,53
1424365250049,53
1424365255050,53
1424365260049,53
1424365265050,53
1424365270049,53
1424365275049,53
1424365280049,53
1424365285050,53
1424365290050,53
1424365295049,53
1424365300049,53
1424365305049,53
1424365310050,52
1424365315049,52
1424365320049,52
1424365325049,52
1424365330049,52
1424365335049,52
1424365340049,52
1424365345049,52
1424365350049,52
1424365355049,52
1424365360049,52
1424365365050,52
1424365370049,52
1424365375050,52
1424365380049,52
1424365385049,52
1424365390049,52
1424365395049,52
1424365400050,52
1424365405049,52
1424365410049,52
1424365415049,52
1424365420049,52
1424365425049,52
1424365430049,52
1424365435049,52
1424365440049,52
1424365445049,52
1424365450050,52
1424365455049,52
1424365460049,52
1424365465050,52
1424365470050,52
1424365475049,52
1424365480049,52
1424365485049,52
1424365490050,52
1424365495049,52
1424365500049,52
1424365505049,52
1424365510050,53
1424365515049,53
1424365520049,53
1424365525050,53
1424365530050,54
1424365535050,54
1424365540049,54
1424365545049,54
1424365550049,54
1424365555054,55
1424365560049,55
1424365565049,55
1424365570050,55
1424365575049,55
1424365580049,55
1424365585049,55
1424365590049,54
1424365595049,54
1424365600049,54
1424365605049,54
1424365610049,53
1424365615049,53
1424365620049,53
1424365625049,53
1424365630049,53
1424365635050,53
1424365640049,53
1424365645049,52
1424365650049,52
1424365655049,52
1424365660049,52
1424365665049,52
1424365670049,52
1424365675049,52
1424365680049,52
1424365685049,52
1424365690049,52
1424365695049,52
1424365700049,52
1424365705049,52
1424365710049,51
1424365715049,51
1424365720049,51
1424365725049,50
1424365730049,50
1424365735049,50
1424365740049,50
1424365745049,50
1424365750050,50
1424365755049,50
1424365760049,50
1424365765049,50
1424365770049,50
1424365775049,50
1424365780049,50
1424365785049,50
1424365790049,50
1424365795050,50
1424365800049,50
1424365805049,50
1424365810049,50
1424365815049,50
1424365820050,49
1424365825049,49
1424365830049,51
1424365835049,51
1424365840049,51
1424365845049,51
1424365850049,51
1424365855049,51
1424365860049,51
1424365865049,51
1424365870049,51
1424365875049,51
1424365880050,51
1424365885049,51
1424365890049,51
1424365895049,51
1424365900049,51
1424365905049,51
1424365910050,51
1424365915049,51
1424365920049,51
1424365925049,51
1424365930050,51
1424365935049,51
1424365940049,51
1424365945050,51
1424365950050,50
1424365955049,50
1424365960049,50
1424365965049,50
1424365970049,50
1424365975050,49
1424365980050,49
1424365985049,49
1424365990049,49
1424365995050,49
1424366000049,49
1424366005049,49
1424366010049,49
1424366015049,49
1424366020050,49
1424366025049,49
1424366030049,49
1424366035050,49
1424366040050,49
1424366045049,49
1424366050049,49
1424366055049,48
1424366060049,48
1424366065049,48
1424366070050,48
1424366075049,48
1424366080049,48
1424366085049,48
1424366090049,48
1424366095049,48
1424366100050,48
1424366105049,48
1424366110049,48
1424366115050,48
1424366120049,48
1424366125049,48
1424366130049,48
1424366135049,48
1424366140049,48
1424366145049,48
1424366150049,48
1424366155049,48
1424366160049,48
1424366165049,49
1424366170050,49
1424366175049,49
1424366180049,50
1424366185049,50
1424366190050,51
1424366195049,51
1424366200049,51
1424366205049,51
1424366210049,51
1424366215049,51
1424366220049,51
1424366225049,51
1424366230049,51
1424366235049,51
1424366240049,51
1424366245049,51
1424366250049,51
1424366255049,51
1424366260049,51
1424366265049,51
1424366270049,51
1424366275050,51
1424366280049,51
1424366285050,50
1424366290049,50
1424366295050,50
1424366300049,50
1424366305049,50
1424366310049,50
1424366315049,50
1424366320055,50
1424366325049,50
1424366330049,50
1424366335049,50
1424366340049,50
1424366345049,50
1424366350049,50
1424366355050,50
1424366360049,50
1424366365062,50
1424366370049,50
1424366375050,50
1424366380049,50
1424366385049,50
1424366390049,50
1424366395049,50
1424366400049,50
1424366405049,50
1424366410049,50
1424366415050,50
1424366420049,50
1424366425049,50
1424366430049,50
1424366435049,50
1424366440049,50
1424366445049,49
1424366450049,49
1424366455049,49
1424366460049,49
1424366465049,49
1424366470049,49
1424366475049,49
1424366480049,49
1424366485049,49
1424366490050,50
1424366495049,50
1424366500049,50
1424366505049,50
1424366510049,50
1424366515049,50
1424366520049,50
1424366525049,50
1424366530049,50
1424366535050,50
1424366540049,52
1424366545049,52
1424366550049,52
1424366555049,52
1424366560049,52
1424366565049,52
1424366570049,52
1424366575049,52
1424366580049,52
1424366585049,52
1424366590049,52
1424366595049,52
1424366600049,52
1424366605049,52
1424366610049,52
1424366615049,52
1424366620049,52
1424366625049,52
1424366630049,52
1424366635049,52
1424366640049,52
1424366645049,52
1424366650049,52
1424366655049,52
1424366660049,52
1424366665049,52
1424366670050,52
1424366675049,52
1424366680049,52
1424366685049,52
1424366690050,52
1424366695049,52
1424366700049,52
1424366705049,52
1424366710049,52
1424366715049,52
1424366720050,52
1424366725049,52
1424366730050,52
1424366735049,52
1424366740049,52
1424366745049,52
1424366750049,52
1424366755049,52
1424366760049,52
1424366765050,52
1424366770049,52
1424366775049,52
1424366780049,52
1424366785050,52
1424366790049,54
1424366795050,54
1424366800049,55
1424366805049,55
1424366810049,55
1424366815049,55
1424366820049,54
1424366825049,54
1424366830049,54
1424366835049,54
1424366840049,54
1424366845055,54
1424366850049,54
1424366855049,54
1424366860049,54
1424366865049,54
1424366870049,54
1424366875049,54
1424366880049,54
1424366885049,54
1424366890049,54
1424366895049,54
1424366900050,54
1424366905049,54
1424366910049,54
1424366915049,52
1424366920049,52
1424366925049,52
1424366930049,52
1424366935050,52
1424366940049,52
1424366945049,52
1424366950050,52
1424366955049,52
1424366960049,52
1424366965049,51
1424366970050,50
1424366975049,49
1424366980049,49
1424366985050,48
1424366990049,48
1424366995049,48
1424367000049,48
1424367005049,48
1424367010049,48
1424367015049,48
1424367020049,48
1424367025049,47
1424367030049,46
1424367035049,46
1424367040049,46
1424367045049,45
1424367050049,45
1424367055050,45
1424367060050,44
1424367065050,44
1424367070049,43
1424367075049,43
1424367080050,43
1424367085049,43
1424367090050,43
1424367095049,43
1424367100050,43
1424367105049,43
1424367110049,43
1424367115049,43
1424367120049,43
1424367125049,42
1424367130049,42
1424367135049,42
1424367140049,42
1424367145049,42
1424367150049,42
1424367155049,42
1424367160049,42
1424367165049,42
1424367170049,42
1424367175050,42
1424367180049,41
1424367185049,41
1424367190049,41
1424367195049,41
1424367200050,41
1424367205049,41
1424367210049,41
1424367215049,41
1424367220049,40
1424367225049,40
1424367230049,40
1424367235050,40
1424367240049,40
1424367245049,40
1424367250049,39
1424367255049,39
1424367260049,39
1424367265049,39
1424367270049,39
1424367275049,39
1424367280049,39
1424367285049,39
1424367290049,39
1424367295049,39
1424367300049,39
1424367305049,39
1424367310050,39
1424367315049,39
1424367320049,39
1424367325049,39
1424367330049,39
1424367335050,39
1424367340049,39
1424367345050,39
1424367350049,39
1424367355050,39
1424367360049,39
1424367365049,39
1424367370050,39
1424367375049,39
1424367380050,39
1424367385049,39
1424367390049,39
1424367395050,39
1424367400049,39
1424367405049,39
1424367410049,39
1424367415053,38
1424367420049,38
1424367425049,38
1424367430050,38
1424367435049,38
1424367440049,38
1424367445049,38
1424367450049,38
1424367455049,38
1424367460049,38
1424367465049,38
1424367470049,38
1424367475050,38
1424367480049,38
1424367485049,38
1424367490049,38
1424367495049,38
1424367500049,38
1424367505049,38
1424367510049,38
1424367515049,38
1424367520049,38
1424367525049,38
1424367530049,38
1424367535049,38
1424367540049,38
1424367545049,38
1424367550050,38
1424367555049,38
1424367560049,37
1424367565049,37
1424367570049,37
1424367575050,36
1424367580049,36
1424367585049,36
1424367590049,36
1424367595050,35
1424367600049,35
1424367605050,35
1424367610049,35
1424367615049,35
1424367620049,35
1424367625049,35
1424367630049,35
1424367635049,35
1424367640049,35
1424367645050,35
1424367650049,35
1424367655049,35
1424367660049,35
1424367665050,35
1424367670049,35
1424367675049,35
1424367680049,34
1424367685049,34
1424367690049,34
1424367695049,34
1424367700049,34
1424367705050,34
1424367710049,34
1424367715049,34
1424367720049,33
1424367725049,33
1424367730050,33
1424367735050,32
1424367740049,32
1424367745050,32
1424367750049,32
1424367755049,32
1424367760049,32
1424367765049,32
1424367770049,32
1424367775050,32
1424367780049,32
1424367785049,32
1424367790050,32
1424367795049,32
1424367800049,32
1424367805049,32
1424367810049,32
1424367815050,32
1424367820049,32
1424367825049,31
1424367830049,31
1424367835055,31
1424367840049,31
1424367845049,31
1424367850049,31
1424367855049,31
1424367860049,31
1424367865049,29
1424367870049,29
1424367875049,29
1424367880050,29
1424367885049,27
1424367890049,27
1424367895049,27
1424367900049,27
1424367905049,27
1424367910049,27
1424367915049,27
1424367920049,27
1424367925054,27
1424367930049,27
1424367935049,27
1424367940049,27
1424367945055,27
1424367950049,27
1424367955049,27
1424367960049,27
1424367965049,27
1424367970049,27
1424367975049,27
1424367980049,27
1424367985049,27
1424367990050,27
1424367995049,27
1424368000049,27
1424368005049,27
1424368010049,27
1424368015049,27
1424368020049,27
1424368025050,27
1424368030049,27
1424368035049,27
1424368040049,27
1424368045050,26
1424368050049,26
1424368055049,26
1424368060049,26
1424368065049,26
1424368070049,25
1424368075049,25
1424368080049,25
1424368085049,25
1424368090049,25
1424368095049,25
1424368100049,25
1424368105050,25
1424368110049,25
1424368115049,25
1424368120049,25
1424368125049,25
1424368130049,25
1424368135049,25
1424368140049,25
1424368145049,25
1424368150049,25
1424368155049,25
1424368160049,25
1424368165049,25
1424368170049,25
1424368175050,25
1424368180049,25
1424368185049,25
1424368190049,25
1424368195050,25
1424368200049,25
1424368205049,25
1424368210049,24
1424368215049,24
1424368220049,24
1424368225049,24
1424368230049,23
1424368235049,23
1424368240049,23
1424368245050,23
1424368250049,23
1424368255049,22
1424368260049,22
1424368265049,22
1424368270050,22
1424368275049,22
1424368280049,22
1424368285049,22
1424368290049,22
1424368295050,22
1424368300049,22
1424368305050,22
1424368310049,22
1424368315049,22
1424368320049,22
1424368325050,22
1424368330049,22
1424368335049,22
1424368340049,22
1424368345049,21
1424368350049,21
1424368355049,21
1424368360049,21
1424368365049,21
1424368370049,21
1424368375049,21
1424368380049,21
1424368385050,21
1424368390049,21
1424368395050,21
1424368400049,21
1424368405049,21
1424368410049,21
1424368415049,21
1424368420050,21
1424368425049,21
1424368430049,21
1424368435049,21
1424368440049,21
1424368445049,21
1424368450049,21
1424368455049,21
1424368460049,21
1424368465049,21
1424368470049,21
1424368475049,21
1424368480049,21
1424368485049,21
1424368490050,21
1424368495049,21
1424368500050,21
1424368505049,21
1424368510050,20
1424368515049,20
1424368520049,20
1424368525049,20
1424368530049,18
1424368535049,18
1424368540049,18
1424368545050,18
1424368550049,18
1424368555049,18
1424368560049,18
1424368565050,18
1424368570049,18
1424368575049,18
1424368580049,18
1424368585049,18
1424368590049,18
1424368595050,18
1424368600049,18
1424368605050,18
1424368610049,18
1424368615050,18
1424368620049,18
1424368625050,18
1424368630049,18
1424368635050,18
1424368640049,17
1424368645050,16
1424368650049,16
1424368655050,16
1424368660049,16
1424368665049,16
1424368670049,16
1424368675049,16
1424368680049,16
1424368685049,16
1424368690050,16
1424368695049,16
1424368700049,16
1424368705049,16
1424368710049,16
1424368715049,16
1424368720049,16
1424368725049,16
1424368730049,16
1424368735050,16
1424368740049,16
1424368745049,16
1424368750049,16
1424368755049,16
1424368760049,16
1424368765049,16
1424368770050,16
1424368775049,16
1424368780049,16
1424368785049,16
1424368790049,16
1424368795049,16
1424368800049,16
1424368805049,15
1424368810049,15
1424368815049,15
1424368820049,15
1424368825051,15
1424368830049,15
1424368835049,15
1424368840049,15
1424368845050,15
1424368850049,15
1424368855050,15
1424368860049,15
1424368865050,14
1424368870049,14
1424368875050,14
1424368880049,13
1424368885049,13
1424368890050,13
1424368895050,13
1424368900049,13
1424368905050,13
1424368910049,13
1424368915049,13
1424368920049,13
1424368925049,13
1424368930049,13
1424368935049,13
1424368940049,13
1424368945049,13
1424368950049,13
1424368955049,13
1424368960049,13
1424368965049,13
1424368970049,13
1424368975050,13
1424368980049,13
1424368985050,13
1424368990049,13
1424368995050,13
1424369000049,13
1424369005049,13
1424369010049,13
1424369015049,13
1424369020049,13
1424369025049,13
1424369030050,13
1424369035049,13
1424369040049,13
1424369045049,13
1424369050049,13
1424369055049,13
1424369060049,13
1424369065050,13
1424369070049,13
1424369075050,13
1424369080049,13
1424369085049,13
1424369090050,13
1424369095049,13
1424369100049,13
1424369105049,13
1424369110049,12
1424369115050,12
1424369120049,12
1424369125049,12
1424369130049,12
1424369135050,12
1424369140049,12
1424369145049,12
1424369150049,12
1424369155049,11
1424369160050,11
1424369165049,11
1424369170049,11
1424369175049,11
1424369180049,11
1424369185050,11
1424369190049,11
1424369195049,11
1424369200049,10
1424369205049,10
1424369210049,10
1424369215049,9
1424369220049,9
1424369225049,9
1424369230049,9
1424369235049,9
1424369240049,9
1424369245049,9
1424369250049,9
1424369255049,8
1424369260049,8
1424369265049,8
1424369270050,8
1424369275049,8
1424369280050,8
1424369285049,8
1424369290049,8
1424369295049,8
1424369300049,8
1424369305049,8
1424369310049,8
1424369315050,8
1424369320049,8
1424369325049,8
1424369330049,8
1424369335049,8
1424369340049,8
1424369345050,8
1424369350049,8
1424369355049,8
1424369360049,8
1424369365049,8
1424369370049,8
1424369375049,8
1424369380049,8
1424369385049,8
1424369390050,8
1424369395049,8
1424369400049,8
1424369405049,8
1424369410049,8
1424369415049,8
1424369420049,8
1424369425049,8
1424369430050,8
1424369435049,8
1424369440049,8
1424369445049,8
1424369450049,8
1424369455049,8
1424369460049,8
1424369465049,8
1424369470049,8
1424369475049,8
1424369480050,8
1424369485049,8
1424369490049,6
1424369495049,6
1424369500049,4
1424369505049,4
1424369510049,4
1424369515049,4
1424369520049,4
1424369525050,4
1424369530049,4
1424369535050,4
1424369540049,4
1424369545049,4
1424369550049,3
1424369555049,3
1424369560049,3
1424369565050,3
1424369570049,3
1424369575049,3
1424369580049,3
1424369585049,3
1424369590049,3
1424369595049,3
1424369600049,3
1424369605050,2
1424369610049,2
1424369615049,2
1424369620049,2
1424369625049,2
1424369630049,2
1424369635049,2
1424369640049,2
1424369645049,2
1424369650049,2
1424369655050,2
1424369660049,2
1424369665049,2
1424369670049,2
1424369675049,2
1424369680049,2
1424369685049,2
1424369690050,2
1424369695049,2
1424369700049,2
1424369705049,2
1424369710050,2
1424369715049,2
1424369720049,2
1424369725049,2
1424369730049,2
1424369735049,2
1424369740049,2
1424369745049,2
1424369750049,2
1424369755050,2
1424369760050,2
1424369765049,2
1424369770049,2
1424369775050,2
1424369780049,2
1424369785049,2
1424369790049,2
1424369795049,2
1424369800050,2
1424369805049,2
1424369810050,2
1424369815049,2
1424369820049,2
1424369825049,2
1424369830050,2
1424369835049,2
1424369840049,2
1424369845049,2
1424369850050,2
1424369855049,2
1424369860049,1
1424369865049,1
1424369870049,1
1424369875049,1
1424369880049,1
1424369885050,1
1424369890049,1
1424369895049,1
1424369900049,1
1424369905049,1
1424369910050,1
1424369915049,1
1424369920049,1
1424369925049,1
1424369930049,1
1424369935049,1
1424369940049,1
1424369945049,1
1424369950049,1
1424369955049,1
1424369960049,1
1424369965049,1
1424369970050,1
1424369975049,1
1424369980049,1
1424369985049,1
1424369990049,1
1424369995050,1
1424370000050,1
1424370005049,1
1424370010049,1
1424370015049,1
1424370020049,1
1424370025049,1
1424370030049,1
1424370035049,1
1424370040049,1
1424370045050,1
1424370050049,1
1424370055049,1
1424370060049,1
1424370065049,1
1424370070049,1
1424370075049,1
1424370080049,1
1424370085049,1
1424370090049,1
1424370095050,1
1424370100049,1
1424370105049,1
1424370110050,1
1424370115049,1
1424370120049,1
1424370125049,1
1424370130049,1
1424370135049,1
1424370140049,1
1424370145049,1
1424370150049,1
1424370155049,1
1424370160049,1
1424370165049,1
1424370170050,1
1424370175049,1
1424370180049,1
1424370185049,1
1424370190049,1
1424370195049,1
1424370200049,1
1424370205050,1
1424370210049,1
1424370215049,1
1424370220049,1
1424370225050,1
1424370230049,1
1424370235050,1
1424370240049,1
1424370245050,1
1424370250049,1
1424370255049,1
1424370260049,1
1424370265049,1
1424370270050,1
1424370275049,1
1424370280049,1
1424370285050,1
1424370290049,1
1424370295049,1
1424370300049,1
1424370305049,1
1424370310050,1
1424370315049,1
1424370320049,1
1424370325049,1
1424370330049,1
1424370335049,1
1424370340049,1
1424370345049,1
1424370350049,1
1424370355050,1
1424370360049,1
1424370365049,1
1424370370050,1
1424370375049,1
1424370380049,1
1424370385049,1
1424370390049,1
1424370395049,1
1424370400049,1
1424370405049,1
1424370410049,1
1424370415049,1
1424370420049,1
1424370425049,1
1424370430049,1
1424370435050,1
1424370440049,1
1424370445049,1
1424370450050,1
1424370455049,1
1424370460050,1
1424370465049,1
1424370470049,1
1424370475049,1
1424370480049,1
1424370485049,1
1424370490050,1
1424370495049,1
1424370500049,1
1424370505049,1
1424370510049,1
1424370515049,1
1424370520050,1
1424370525049,1
1424370530049,1
1424370535050,1
1424370540049,1
1424370545049,1
1424370550050,1
1424370555049,1
1424370560049,1
1424370565049,1
1424370570049,1
1424370575050,1
1424370580049,1
1424370585049,1
1424370590050,1
1424370595049,1
1424370600050,1
1424370605050,1
1424370610049,1
1424370615050,1
1424370620050,1
1424370625049,1
1424370630050,1
1424370635049,1
1424370640049,1
1424370645050,1
1424370650049,1
1424370655049,1
1424370660049,1
1424370665049,1
1424370670049,1
1424370675049,1
1424370680049,1
1424370685049,1
1424370690050,1
1424370695049,1
1424370700049,1
1424370705050,1
1424370710049,1
1424370715049,1
1424370720049,1
1424370725049,1
1424370730049,1
1424370735050,1
1424370740049,1
1424370745049,1
1424370750050,1
1424370755049,1
1424370760049,1
1424370765050,1
1424370770049,1
1424370775049,1
1424370780049,1
1424370785049,1
1424370790049,1
1424370795050,1
1424370800049,1
1424370805049,1
1424370810049,1
1424370815049,1
1424370820049,1
1424370825049,1
1424370830050,1
1424370835049,1
1424370840049,1
1424370845050,1
1424370850050,1
1424370855049,1
1424370860049,1
1424370865050,1
1424370870050,1
1424370875049,1
1424370880049,1
1424370885049,1
1424370890049,1
1424370895049,1
1424370900049,1
1424370905049,1
1424370910049,1
1424370915049,1
1424370920050,1
1424370925049,1
1424370930050,1
1424370935049,1
1424370940049,1
1424370945049,1
1424370950049,1
1424370955049,1
1424370960049,1
1424370965049,1
1424370970049,1
1424370975049,1
1424370980049,1
1424370985049,1
1424370990049,1
1424370995049,1
1424371000049,1
1424371005050,1
1424371010049,1
1424371015050,1
1424371020050,1
1424371025049,1
1424371030049,1
1424371035049,1
1424371040049,1
1424371045049,1
1424371050050,1
1424371055049,1
1424371060049,1
1424371065049,1
1424371070050,1
1424371075049,1
1424371080049,1
1424371085049,1
1424371090049,1
1424371095050,1
1424371100049,1
1424371105049,1
1424371110049,1
1424371115049,1
1424371120049,1
1424371125049,1
1424371130049,1
1424371135049,1
1424371140049,1
1424371145049,1
1424371150049,1
1424371155049,1
1424371160049,1
1424371165049,1
1424371170049,1
1424371175049,1
1424371180050,1
1424371185049,1
1424371190049,1
1424371195049,1
1424371200049,1
1424371205049,1
1424371210049,1
1424371215049,1
1424371220049,1
1424371225049,1
1424371230049,1
1424371235049,1
1424371240049,1
1424371245049,1
1424371250049,1
1424371255049,1
1424371260049,1
1424371265049,1
1424371270049,1
1424371275049,1
1424371280049,1
1424371285049,1
1424371290050,1
1424371295049,1
1424371300049,1
1424371305050,1
1424371310049,1
1424371315049,1
1424371320049,1
1424371325049,1
1424371330050,1
1424371335049,1
1424371340049,1
1424371345049,1
1424371350049,1
1424371355049,1
1424371360050,1
1424371365049,1
1424371370050,1
1424371375049,1
1424371380049,1
1424371385049,1
1424371390050,1
1424371395049,1
1424371400049,1
1424371405049,1
1424371410049,1
1424371415050,1
1424371420049,1
1424371425049,1
1424371430049,1
1424371435049,1
1424371440049,1
1424371445050,1
1424371450049,1
1424371455049,1
1424371460049,1
1424371465049,1
1424371470049,1
1424371475049,1
1424371480049,1
1424371485049,1
1424371490050,1
1424371495049,1
1424371500049,1
1424371505050,1
1424371510049,1
1424371515049,1
1424371520049,1
1424371525049,1
1424371530049,1
1424371535049,1
1424371540049,1
1424371545049,1
1424371550050,1
1424371555049,1
1424371560049,1
1424371565049,1
1424371570049,1
1424371575049,1
1424371580050,1
1424371585049,1
1424371590049,1
1424371595049,1
1424371600049,1
1424371605049,1
1424371610049,1
1424371615049,1
1424371620049,1
1424371625049,1
1424371630049,1
1424371635049,1
1424371640050,1
1424371645049,1
1424371650050,1
1424371655049,1
1424371660050,1
1424371665049,1
1424371670049,1
1424371675049,1
1424371680049,1
1424371685049,1
1424371690049,1
1424371695049,1
1424371700049,1
1424371705049,1
1424371710049,1
1424371715050,1
1424371720049,1
1424371725049,1
1424371730049,1
1424371735049,1
1424371740049,1
1424371745050,1
1424371750049,1
1424371755049,1
1424371760049,1
1424371765049,1
1424371770049,1
1424371775049,1
1424371780049,1
1424371785049,1
1424371790050,1
1424371795049,1
1424371800049,1
1424371805049,1
1424371810049,1
1424371815049,1
1424371820050,1
1424371825049,1
1424371830049,1
1424371835050,1
1424371840049,1
1424371845049,1
1424371850049,1
1424371855049,1
1424371860049,1
1424371865049,1
1424371870049,1
1424371875049,1
1424371880049,1
1424371885049,1
1424371890050,1
1424371895049,1
1424371900049,1
1424371905050,1
1424371910049,1
1424371915049,1
1424371920049,1
1424371925049,1
1424371930049,1
1424371935050,1
1424371940049,1
1424371945049,1
1424371950049,1
1424371955049,1
1424371960050,1
1424371965049,1
1424371970049,1
1424371975049,1
1424371980049,1
1424371985049,1
1424371990050,1
1424371995050,1
1424372000049,1
1424372005049,1
1424372010049,1
1424372015049,1
1424372020049,1
1424372025049,1
1424372030049,1
1424372035049,1
1424372040049,1
1424372045050,1
1424372050049,1
1424372055049,1
1424372060049,1
1424372065049,1
1424372070049,1
1424372075049,1
1424372080049,1
1424372085049,1
1424372090049,1
1424372095049,1
1424372100050,1
1424372105049,1
1424372110049,1
1424372115050,1
1424372120049,1
1424372125049,1
1424372130050,1
1424372135049,1
1424372140049,1
1424372145049,1
1424372150049,1
1424372155049,1
1424372160049,1
1424372165050,1
1424372170049,1
1424372175049,1
1424372180049,1
1424372185049,1
1424372190049,1
1424372195049,1
1424372200049,1
1424372205049,1
1424372210050,1
1424372215049,1
1424372220049,1
1424372225049,1
1424372230049,1
1424372235049,1
1424372240049,1
1424372245049,1
1424372250050,1
1424372255050,1
1424372260049,1
1424372265049,1
1424372270050,1
1424372275049,1
1424372280049,1
1424372285049,1
1424372290049,1
1424372295050,1
1424372300049,1
1424372305049,1
1424372310049,1
1424372315049,1
1424372320049,1
1424372325049,1
1424372330049,1
1424372335049,1
1424372340049,1
1424372345049,1
1424372350049,1
1424372355050,1
1424372360049,1
1424372365049,1
1424372370050,1
1424372375049,1
1424372380049,1
1424372385049,1
1424372390049,1
1424372395049,1
1424372400049,1
1424372405049,1
1424372410050,1
1424372415050,1
1424372420049,1
1424372425050,1
1424372430049,1
1424372435049,1
1424372440050,1
1424372445049,1
1424372450049,1
1424372455050,1
1424372460049,1
1424372465049,1
1424372470049,1
1424372475050,1
1424372480049,1
1424372485049,1
1424372490050,1
1424372495049,1
1424372500049,1
1424372505049,1
1424372510049,1
1424372515049,1
1424372520049,1
1424372525049,1
1424372530050,1
1424372535049,1
1424372540049,1
1424372545049,1
1424372550049,1
1424372555049,1
1424372560050,1
1424372565049,1
1424372570049,1
1424372575049,1
1424372580050,1
1424372585049,1
1424372590049,1
1424372595049,1
1424372600050,1
1424372605049,1
1424372610049,1
1424372615050,1
1424372620049,1
1424372625049,1
1424372630049,1
1424372635049,1
1424372640049,1
1424372645049,1
1424372650049,1
1424372655049,1
1424372660050,1
1424372665049,1
1424372670049,1
1424372675049,1
1424372680049,1
1424372685050,1
1424372690049,1
1424372695049,1
1424372700049,1
1424372705049,1
1424372710049,1
1424372715049,1
1424372720050,1
1424372725049,1
1424372730049,1
1424372735050,1
1424372740049,1
1424372745050,1
1424372750049,1
1424372755049,1
1424372760049,1
1424372765049,1
1424372770049,1
1424372775049,1
1424372780049,1
1424372785049,1
1424372790049,1
1424372795049,1
1424372800049,1
1424372805049,1
1424372810049,1
1424372815049,1
1424372820050,1
1424372825049,1
1424372830050,1
1424372835049,1
1424372840049,1
1424372845050,1
1424372850049,1
1424372855050,1
1424372860050,1
1424372865049,1
1424372870050,1
1424372875049,1
1424372880049,1
1424372885050,1
1424372890049,1
1424372895049,1
1424372900049,1
1424372905049,1
1424372910049,1
1424372915049,1
1424372920049,1
1424372925049,1
1424372930049,1
1424372935049,1
1424372940049,1
1424372945049,1
1424372950049,1
1424372955049,1
1424372960050,1
1424372965050,1
1424372970049,1
1424372975049,1
1424372980050,1
1424372985049,1
1424372990049,1
1424372995049,1
1424373000049,1
1424373005050,1
1424373010049,1
1424373015049,1
1424373020049,1
1424373025049,1
1424373030050,1
1424373035049,1
1424373040050,1
1424373045049,1
1424373050049,1
1424373055049,1
1424373060049,1
1424373065049,1
1424373070049,1
1424373075049,1
1424373080049,1
1424373085049,1
1424373090049,1
1424373095049,1
1424373100049,1
1424373105049,1
1424373110050,1
1424373115049,1
1424373120049,1
1424373125049,1
1424373130049,1
1424373135049,1
1424373140050,1
1424373145049,1
1424373150049,1
1424373155050,1
1424373160050,1
1424373165049,1
1424373170049,1
1424373175049,1
1424373180049,1
1424373185050,1
1424373190049,1
1424373195049,1
1424373200049,1
1424373205049,1
1424373210050,1
1424373215049,1
1424373220049,1
1424373225049,1
1424373230049,1
1424373235049,1
1424373240050,1
1424373245049,1
1424373250049,1
1424373255049,1
1424373260049,1
1424373265049,1
1424373270049,1
1424373275049,1
1424373280049,1
1424373285050,1
1424373290049,1
1424373295050,1
1424373300049,1
1424373305049,1
1424373310049,1
1424373315049,1
1424373320049,1
1424373325049,1
1424373330049,1
1424373335049,1
1424373340050,1
1424373345050,1
1424373350049,1
1424373355049,1
1424373360049,1
1424373365049,1
1424373370050,1
1424373375049,1
1424373380049,1
1424373385050,1
1424373390049,1
1424373395049,1
1424373400049,1
1424373405049,1
1424373410049,1
1424373415049,1
1424373420050,1
1424373425049,1
1424373430049,1
1424373435049,1
1424373440049,1
1424373445049,1
1424373450050,1
1424373455049,1
1424373460049,1
1424373465050,1
1424373470049,1
1424373475049,1
1424373480049,1
1424373485050,1
1424373490049,1
1424373495049,1
1424373500049,1
1424373505049,1
1424373510049,1
1424373515049,1
1424373520049,1
1424373525050,1
1424373530049,1
1424373535049,1
1424373540049,1
1424373545049,1
1424373550049,1
1424373555049,1
1424373560049,1
1424373565049,1
1424373570049,1
1424373575049,1
1424373580049,1
1424373585049,1
1424373590049,1
1424373595049,1
1424373600050,1
1424373605049,1
1424373610049,1
1424373615049,1
1424373620049,1
1424373625050,1
1424373630049,1
1424373635049,1
1424373640050,1
1424373645049,1
1424373650049,1
1424373655049,1
1424373660049,1
1424373665049,1
1424373670049,1
1424373675049,1
1424373680049,1
1424373685049,1
1424373690049,1
1424373695049,1
1424373700049,1
1424373705049,1
1424373710049,1
1424373715049,1
1424373720049,1
1424373725049,1
1424373730049,1
